"BBCH","ALBANA","BARBERA","BELLONE","BERVEDINO","BIANCHETTA","BOMBINO","BONAMICO","BRACHETTO","CABERNET","CAGNULARI","CATANESE","CATARRATTO","CHARDONNAY","CILIEGIOLO","CORTESE","CORVINA","DOLCETTO","DURELLA","EMPIBOTTE","ERBALUCE","FIANO","FREISA","GAGLIOPPO","GARGANEGA","GRECHETTO","GRIGNOLINO","GRILLO","LAGREIN","LAMBRUSCO","MALBEC","MALVASIA","MAMMOLO","MARZEMINO","MERLOT","MOLINARA","MONTEPULCIANO","MOSCATO","MULLER","NASCO","NEBBIOLO","NEGRARA","OTTAVIANELLO","PAVANA","PICCOLA","PIGNOLA","PINELLA","PINOT","RABOSO","RIESLING","ROSSARA","SANGIOVESE","SCHIAVA","SCIASCINOSO","SOMARELLO","SUSUMANIELLO","TEROLDEGO","TINTORA","TOCAI","TRAMINER","TREBBIANO","TSCHAGGELE","VERDELLO","VERDUZZO","VERMENTINO","VESPOLINA"
49,116,96,96,113,102,124,96,85,113,120,102,109,106,96,109,99,99,116,106,96,102,96,116,140,120,102,113,109,100,102,113,116,96,102,106,116,92,93,124,88,101,131,99,96,90,99,106,96,102,99,96,104,96,131,113,96,128,113,96,116,106,106,91,109,93
53,214,171,190,187,180,208,176,160,192,201,189,189,183,176,189,182,173,194,191,171,189,167,194,224,196,189,191,189,179,180,191,208,176,180,187,198,173,161,199,171,181,213,173,176,172,182,176,171,180,178,171,184,190,229,206,176,231,187,171,197,187,191,180,199,170
55,289,239,264,254,248,279,245,227,260,270,260,258,271,245,258,252,240,262,262,239,260,232,262,295,264,260,260,258,247,248,260,282,245,248,256,268,243,225,266,240,250,283,240,245,242,252,241,239,248,246,239,252,264,304,280,245,308,254,239,266,256,262,252,271,237
57,371,311,344,326,322,355,319,299,334,345,338,332,346,319,332,328,312,335,339,311,338,303,335,371,337,338,334,332,321,322,334,362,319,322,331,343,318,295,338,316,326,358,312,319,317,328,311,311,322,321,311,327,344,386,360,319,393,326,311,341,331,339,330,349,310
61,493,408,462,422,422,462,422,395,434,448,448,434,431,422,434,434,408,434,448,408,448,395,434,478,434,448,434,434,422,422,434,478,422,422,434,448,421,383,434,422,428,462,408,422,422,434,402,408,422,422,408,428,462,508,478,422,522,422,408,445,434,448,443,462,408
63,540,455,509,469,469,509,469,442,481,495,495,481,470,469,481,481,455,481,495,455,495,442,481,525,481,495,481,481,469,469,481,525,469,469,481,495,468,430,481,469,475,509,455,469,469,481,449,455,469,469,455,475,509,555,525,469,569,469,455,492,481,495,490,509,455
65,571,486,541,500,500,541,500,473,513,526,526,513,492,500,513,513,486,513,526,486,526,473,513,556,513,526,513,513,500,500,513,556,500,500,513,526,500,461,513,500,507,541,486,500,500,513,480,486,500,500,486,507,541,586,556,500,600,500,486,523,513,526,521,541,486
69,650,565,619,578,578,619,578,552,591,604,604,591,578,578,591,591,565,591,604,565,604,552,591,634,591,604,591,591,578,578,591,634,578,578,591,604,578,539,591,578,585,619,565,578,578,591,559,565,578,578,565,585,619,664,634,578,679,578,565,601,591,604,600,619,565
71,713,629,690,658,653,697,662,611,664,676,675,660,631,633,656,670,626,673,681,633,670,614,664,704,666,678,653,660,650,633,660,702,656,643,673,675,643,586,656,651,657,693,636,645,653,655,617,659,645,650,628,653,699,737,705,647,756,650,626,675,658,680,676,688,633
73,787,705,771,748,739,787,757,681,748,760,757,740,697,699,733,761,698,767,769,712,747,688,749,784,752,763,726,740,734,699,740,781,745,719,767,757,719,644,733,736,739,778,718,723,739,730,687,765,723,733,702,732,790,820,787,726,844,733,698,760,736,766,764,768,712
75,875,795,869,856,841,893,870,765,848,859,854,835,761,778,824,869,785,879,874,806,839,776,850,880,855,864,814,835,833,778,835,875,851,810,879,854,810,713,824,836,838,879,816,815,841,819,770,890,815,831,790,825,898,920,885,821,949,831,785,861,829,869,868,864,806
77,982,905,987,986,964,1022,1006,867,968,979,972,950,860,874,934,999,889,1013,1000,920,950,882,971,996,979,986,920,950,953,874,950,989,979,920,1013,972,919,797,934,957,957,1002,935,927,964,927,870,1042,927,950,897,939,1029,1040,1003,935,1076,950,889,983,942,993,994,980,920
79,1229,1157,1257,1281,1246,1314,1315,1102,1244,1253,1241,1214,1040,1096,1188,1295,1131,1319,1288,1181,1205,1127,1249,1261,1262,1265,1164,1214,1226,1096,1214,1249,1270,1173,1319,1241,1172,996,1188,1234,1230,1281,1207,1185,1246,1176,1104,1382,1185,1222,1144,1200,1326,1315,1273,1198,1366,1222,1131,1261,1201,1277,1281,1245,1181
81,1453,1385,1502,1551,1502,1581,1597,1315,1495,1502,1486,1453,1327,1297,1419,1565,1350,1597,1551,1419,1436,1350,1502,1502,1519,1519,1385,1453,1476,1297,1453,1486,1535,1402,1597,1486,1401,1174,1419,1486,1478,1535,1453,1419,1502,1402,1315,1694,1419,1470,1368,1436,1597,1565,1519,1436,1629,1470,1350,1515,1436,1535,1542,1486,1419
83,1621,1553,1670,1719,1670,1749,1765,1482,1663,1670,1654,1621,1456,1465,1587,1733,1518,1765,1719,1587,1604,1518,1670,1670,1687,1687,1553,1621,1644,1465,1621,1654,1703,1570,1765,1654,1568,1342,1587,1654,1646,1703,1621,1587,1670,1570,1483,1862,1587,1638,1535,1604,1765,1733,1687,1604,1797,1638,1518,1683,1604,1703,1710,1654,1587
85,1758,1689,1806,1855,1806,1885,1901,1619,1799,1806,1790,1758,1575,1602,1723,1869,1654,1901,1855,1723,1740,1654,1806,1806,1823,1823,1689,1758,1780,1602,1758,1790,1840,1706,1901,1790,1705,1478,1723,1790,1782,1840,1758,1723,1806,1706,1620,1998,1723,1774,1672,1741,1901,1869,1823,1740,1933,1774,1654,1819,1740,1840,1846,1790,1723
87,1868,1800,1917,1966,1917,1996,2012,1730,1910,1917,1901,1868,1676,1712,1834,1980,1765,2012,1966,1834,1851,1765,1917,1917,1934,1934,1800,1868,1891,1712,1868,1901,1950,1817,2012,1901,1816,1589,1834,1901,1893,1950,1868,1834,1917,1817,1730,2109,1834,1885,1783,1851,2012,1980,1934,1851,2044,1885,1765,1930,1851,1950,1957,1901,1834
89,1957.8,1889.5,2006.7,2055.3,2006.7,2085.6,2101.6,1819.2,1999,2006.7,1990.7,1957.8,1822,1801.8,1923.3,2069.6,1854.4,2101.6,2055.3,1923.3,1940.6,1854.4,2006.7,2006.7,2023.4,2023.4,1889.5,1957.8,1980,1801.8,1957.8,1990.7,2039.8,1906.3,2101.6,1990.7,1905,1678.7,1923.3,1990.7,1982,2039.8,1957.8,1923.3,2006.7,1906.3,1820,2198.3,1923.3,1974.4,1872.2,1941,2101.6,2069.6,2023.4,1940.6,2133.7,1974.4,1854.4,2019,1940.6,2039.8,2046,1990.7,1923.3
90,2048.3,1980,2097.2,2145.8,2097.2,2176.1,2192.1,1909.7,2089,2097.2,2081.2,2048.3,1995,1892.3,2013.8,2160.1,1944.9,2192.1,2145.8,2013.8,2031.1,1944.9,2097.2,2097.2,2113.9,2113.9,1980,2048.3,2071,1892.3,2048.3,2081.2,2130.3,1996.8,2192.1,2081.2,1995,1769.2,2013.8,2081.2,2073,2130.3,2048.3,2013.8,2097.2,1996.8,1910,2288.8,2013.8,2064.9,1962.7,2031,2192.1,2160.1,2113.9,2031.1,2224.2,2064.9,1944.9,2110,2031.1,2130.3,2137,2081.2,2013.8
